<?xml version="1.0" encoding="UTF-8" ?>
<!DOCTYPE mapper
        PUBLIC "-//mybatis.org//DTD Mapper 3.0//EN"
        "http://mybatis.org/dtd/mybatis-3-mapper.dtd">
<mapper namespace="com.ruoyi.system.mapper.SysUserMapper">

    <resultMap type="SysUser" id="SysUserResult">
        <id property="userId" column="user_id"/>
        <result property="deptId" column="dept_id"/>
        <result property="loginName" column="login_name"/>
        <result property="userName" column="user_name"/>
        <result property="userType" column="user_type"/>
        <result property="email" column="email"/>
        <result property="phonenumber" column="phonenumber"/>
        <result property="sex" column="sex"/>
        <result property="avatar" column="avatar"/>
        <result property="password" column="password"/>
        <result property="salt" column="salt"/>
        <result property="status" column="status"/>
        <result property="delFlag" column="del_flag"/>
        <result property="loginIp" column="login_ip"/>
        <result property="loginDate" column="login_date"/>
        <result property="createBy" column="create_by"/>
        <result property="createTime" column="create_time"/>
        <result property="updateBy" column="update_by"/>
        <result property="updateTime" column="update_time"/>
        <result property="remark" column="remark"/>
        <result property="ta" column="ta"/>
        <result property="pa" column="pa"/>
        <result property="ce" column="ce"/>
        <result property="la" column="la"/>
        <result property="ca" column="ca"/>
        <result property="ae" column="ae"/>
        <association property="dept" column="dept_id" javaType="SysDept" resultMap="deptResult"/>
        <collection property="roles" javaType="java.util.List" resultMap="RoleResult"/>
    </resultMap>

    <resultMap id="deptResult" type="SysDept">
        <id property="deptId" column="dept_id"/>
        <result property="parentId" column="parent_id"/>
        <result property="deptName" column="dept_name"/>
        <result property="orderNum" column="order_num"/>
        <result property="leader" column="leader"/>
        <result property="status" column="dept_status"/>
    </resultMap>

    <resultMap id="RoleResult" type="SysRole">
        <id property="roleId" column="role_id"/>
        <result property="roleName" column="role_name"/>
        <result property="roleKey" column="role_key"/>
        <result property="roleSort" column="role_sort"/>
        <result property="dataScope" column="data_scope"/>
        <result property="status" column="role_status"/>
    </resultMap>

    <sql id="selectUserVo">
        select  u.user_id, u.dept_id, u.login_name, u.user_name, u.user_type, u.email, u.avatar, u.phonenumber, u.sex, u.password, u.salt, u.status, u.del_flag, u.login_ip, u.login_date, u.create_time, u.remark,
                u.ta, u.pa, u.ce, u.la, u.ca, u.ae, u.grade, u.major,
       		    d.dept_id, d.parent_id, d.dept_name, d.order_num, d.leader, d.status as dept_status,
       		    r.role_id, r.role_name, r.role_key, r.role_sort, r.data_scope, r.status as role_status
		from sys_user u
			 left join sys_dept d on u.dept_id = d.dept_id
			 left join sys_user_role ur on u.user_id = ur.user_id
			 left join sys_role r on r.role_id = ur.role_id
    </sql>

    <select id="selectUserListToMatch" resultMap="SysUserResult">
        <include refid="selectUserVo"/>
        where
        u.ta &gt; 0
        AND u.pa &gt; 0
        AND u.ce &gt; 0
        AND u.la &gt; 0
        AND u.ca &gt; 0
        AND u.ae &gt; 0
        AND r.role_id &lt;&gt; 2
    </select>

    <select id="selectUserList" parameterType="SysUser" resultMap="SysUserResult">
        select u.user_id, u.dept_id, u.login_name, u.user_name, u.user_type, u.email, u.avatar, u.phonenumber,
        u.password, u.sex, u.salt, u.status, u.del_flag, u.login_ip, u.login_date, u.create_by, u.create_time, u.remark,
        u.ta, u.pa, u.ce, u.la, u.ca, u.ae,
        d.dept_name, d.leader from sys_user u
        left join sys_dept d on u.dept_id = d.dept_id
        where u.del_flag = '0'
        <if test="loginName != null and loginName != ''">
            AND u.login_name like concat(concat('%',#{loginName}),'%')
        </if>
        <if test="status != null and status != ''">
            AND u.status = #{status}
        </if>
        <if test="phonenumber != null and phonenumber != ''">
            AND u.phonenumber like concat(concat('%',#{phonenumber}),'%')
        </if>
        <if test="params.beginTime != null and params.beginTime != ''"><!-- 开始时间检索 -->
            AND u.create_time &gt;= to_date(#{params.beginTime},'yyyy-MM-dd HH24:mi:ss')
        </if>
        <if test="params.endTime != null and params.endTime != ''"><!-- 结束时间检索 -->
            AND u.create_time &lt;= to_date(#{params.endTime},'yyyy-MM-dd HH24:mi:ss')
        </if>
        <if test="deptId != null and deptId != 0">
            AND (u.dept_id = #{deptId} OR u.dept_id IN ( SELECT t.dept_id FROM sys_dept t WHERE FIND_IN_SET
            (#{deptId},ancestors) <![CDATA[ <> ]]> 0 ))
        </if>
        <!-- 数据范围过滤 -->
        ${params.dataScope}
    </select>

    <select id="selectAllocatedList" parameterType="SysUser" resultMap="SysUserResult">
        select distinct u.user_id, u.dept_id, u.login_name, u.user_name, u.user_type, u.email, u.avatar, u.phonenumber,
        u.ta, u.pa, u.ce, u.la, u.ca, u.ae,
        u.status, u.create_time
        from sys_user u
        left join sys_dept d on u.dept_id = d.dept_id
        left join sys_user_role ur on u.user_id = ur.user_id
        left join sys_role r on r.role_id = ur.role_id
        where u.del_flag = '0' and r.role_id = #{roleId}
        <if test="loginName != null and loginName != ''">
            AND u.login_name like concat(concat('%', #{loginName}), '%')
        </if>
        <if test="phonenumber != null and phonenumber != ''">
            AND u.phonenumber like concat(concat('%', #{phonenumber}), '%')
        </if>
        <!-- 数据范围过滤 -->
        ${params.dataScope}
    </select>

    <select id="selectUnallocatedList" parameterType="SysUser" resultMap="SysUserResult">
        select distinct u.user_id, u.dept_id, u.login_name, u.user_name, u.user_type, u.email, u.avatar, u.phonenumber,
        u.ta, u.pa, u.ce, u.la, u.ca, u.ae,
        u.status, u.create_time
        from sys_user u
        left join sys_dept d on u.dept_id = d.dept_id
        left join sys_user_role ur on u.user_id = ur.user_id
        left join sys_role r on r.role_id = ur.role_id
        where u.del_flag = '0' and (r.role_id != #{roleId} or r.role_id IS NULL)
        and u.user_id not in (select u.user_id from sys_user u inner join sys_user_role ur on u.user_id = ur.user_id and
        ur.role_id = #{roleId})
        <if test="loginName != null and loginName != ''">
            AND u.login_name like concat('%', #{loginName}, '%')
        </if>
        <if test="phonenumber != null and phonenumber != ''">
            AND u.phonenumber like concat('%', #{phonenumber}, '%')
        </if>
        <!-- 数据范围过滤 -->
        ${params.dataScope}
    </select>

    <select id="selectUserByLoginName" parameterType="String" resultMap="SysUserResult">
        <include refid="selectUserVo"/>
        where u.login_name = #{userName}
    </select>

    <select id="selectUserByPhoneNumber" parameterType="String" resultMap="SysUserResult">
        <include refid="selectUserVo"/>
        where u.phonenumber = #{phonenumber}
    </select>

    <select id="selectUserByEmail" parameterType="String" resultMap="SysUserResult">
        <include refid="selectUserVo"/>
        where u.email = #{email}
    </select>

    <select id="checkLoginNameUnique" parameterType="String" resultType="int">
		select count(1) from sys_user where login_name=#{loginName}
	</select>

    <select id="checkPhoneUnique" parameterType="String" resultMap="SysUserResult">
		select user_id, phonenumber from sys_user where phonenumber=#{phonenumber}
	</select>

    <select id="checkEmailUnique" parameterType="String" resultMap="SysUserResult">
		select user_id, email from sys_user where email=#{email}
	</select>

    <select id="selectUserById" parameterType="Long" resultMap="SysUserResult">
        <include refid="selectUserVo"/>
        where u.user_id = #{userId}
    </select>

    <delete id="deleteUserById" parameterType="Long">
 		update sys_user set del_flag = '2' where user_id = #{userId}
 	</delete>

    <delete id="deleteUserByIds" parameterType="Long">
        update sys_user set del_flag = '2' where user_id in
        <foreach collection="array" item="userId" open="(" separator="," close=")">
            #{userId}
        </foreach>
    </delete>

    <update id="updateUser" parameterType="SysUser">
        update sys_user
        <set>
            <if test="deptId != null and deptId != 0">dept_id = #{deptId},</if>
            <if test="loginName != null and loginName != ''">login_name = #{loginName},</if>
            <if test="userName != null and userName != ''">user_name = #{userName},</if>
            <if test="userType != null and userType != ''">user_type = #{userType},</if>
            <if test="email != null and email != ''">email = #{email},</if>
            <if test="phonenumber != null and phonenumber != ''">phonenumber = #{phonenumber},</if>
            <if test="sex != null and sex != ''">sex = #{sex},</if>
            <if test="avatar != null and avatar != ''">avatar = #{avatar},</if>
            <if test="password != null and password != ''">password = #{password},</if>
            <if test="salt != null and salt != ''">salt = #{salt},</if>
            <if test="status != null and status != ''">status = #{status},</if>
            <if test="loginIp != null and loginIp != ''">login_ip = #{loginIp},</if>
            <if test="loginDate != null">login_date = #{loginDate},</if>
            <if test="updateBy != null and updateBy != ''">update_by = #{updateBy},</if>
            <if test="ta != null">ta = #{ta},</if>
            <if test="pa != null">pa = #{pa},</if>
            <if test="ce != null">ce = #{ce},</if>
            <if test="la != null">la = #{la},</if>
            <if test="ca != null">ca = #{ca},</if>
            <if test="ae != null">ae = #{ae},</if>
            update_time = sysdate
        </set>
        where user_id = #{userId}
    </update>

    <insert id="insertUser" parameterType="SysUser" useGeneratedKeys="true" keyProperty="userId">
        <selectKey keyProperty="userId" order="BEFORE" resultType="Long">
            select seq_sys_user.nextval as userId from DUAL
        </selectKey>
        insert into sys_user(
        <if test="userId != null and userId != 0">user_id,</if>
        <if test="deptId != null and deptId != 0">dept_id,</if>
        <if test="loginName != null and loginName != ''">login_name,</if>
        <if test="userName != null and userName != ''">user_name,</if>
        <if test="userType != null and userType != ''">user_type,</if>
        <if test="email != null and email != ''">email,</if>
        <if test="avatar != null and avatar != ''">avatar,</if>
        <if test="phonenumber != null and phonenumber != ''">phonenumber,</if>
        <if test="sex != null and sex != ''">sex,</if>
        <if test="password != null and password != ''">password,</if>
        <if test="salt != null and salt != ''">salt,</if>
        <if test="status != null and status != ''">status,</if>
        <if test="createBy != null and createBy != ''">create_by,</if>
        <if test="remark != null and remark != ''">remark,</if>
        <if test="ta != null and ta != ''">ta,</if>
        <if test="pa != null and pa != ''">pa,</if>
        <if test="ce != null and ce != ''">ce,</if>
        <if test="la != null and la != ''">la,</if>
        <if test="ca != null and ca != ''">ca,</if>
        <if test="ae != null and ae != ''">ae,</if>
        create_time
        )values(
        <if test="userId != null and userId != ''">#{userId},</if>
        <if test="deptId != null and deptId != ''">#{deptId},</if>
        <if test="loginName != null and loginName != ''">#{loginName},</if>
        <if test="userName != null and userName != ''">#{userName},</if>
        <if test="userType != null and userType != ''">#{userType},</if>
        <if test="email != null and email != ''">#{email},</if>
        <if test="avatar != null and avatar != ''">#{avatar},</if>
        <if test="phonenumber != null and phonenumber != ''">#{phonenumber},</if>
        <if test="sex != null and sex != ''">#{sex},</if>
        <if test="password != null and password != ''">#{password},</if>
        <if test="salt != null and salt != ''">#{salt},</if>
        <if test="status != null and status != ''">#{status},</if>
        <if test="createBy != null and createBy != ''">#{createBy},</if>
        <if test="remark != null and remark != ''">#{remark},</if>
        <if test="ta != null and ta != ''">#{ta},</if>
        <if test="pa != null and pa != ''">#{pa},</if>
        <if test="ce != null and ce != ''">#{ce},</if>
        <if test="la != null and la != ''">#{la},</if>
        <if test="ca != null and ca != ''">#{ca},</if>
        <if test="ae != null and ae != ''">#{ae},</if>
        sysdate
        )
    </insert>

</mapper> 